ID,Grant Name,Geographic Eligibility,Typical Award,Application Status,Contact Email,Next Deadline,Eligibility Requirements,Bloom Power Fit Notes,Website URL
1,Bank of America Charitable Foundation,National (eligible BofA markets),$25k–$200k,Researching,foundation@bofa.com,TBD — 2026 windows have passed,"501(c)(3); must serve an eligible Bank of America market and meet applicable funding-priority requirements.","Excellent fit for Bloom Power's financial literacy, entrepreneurship, workforce readiness, leadership, and economic-mobility programming.",https://about.bankofamerica.com/en/making-an-impact/charitable-foundation-grant-faq
2,Florida Blue Foundation,Florida,$25k–$200k,Researching,floridabluefoundation@floridablue.com,TBD,"Florida nonprofit aligned with the Foundation's current strategic priorities; exact eligibility varies by grant program.","Strong fit for youth development, social-emotional learning, confidence, leadership, wellness, and family/community engagement.",https://www.floridablue.com/foundation/community-investments
3,Publix Charities,Southeast U.S.,$5k–$100k,Researching,charitable.donationshelp@publix.com,Rolling / TBD,"Eligible nonprofit, school, or government organization serving Publix's operating footprint and fitting applicable charitable priorities.","Excellent Florida fit for youth empowerment, education, mentoring, leadership, and community engagement.",https://corporate.publix.com/community/giving
4,Walmart Spark Good Local Grants,National,$250–$5000,Researching,TBD,TBD — verify current cycle,"Eligible organizations must maintain required Spark Good/Deed verification and meet Walmart's nonprofit eligibility rules.","Strong fit for local service projects, environmental activities, financial-literacy events, youth leadership, and volunteerism.",https://walmart.org/sparkgood
5,PNC Foundation / PNC Grow Up Great,National (PNC footprint),$10k–$100k,Researching,pnc.growupgreat@pnc.com,Varies by program/region; TBD,"Eligibility and application requirements vary by PNC program and geography; eligible nonprofits must meet the applicable program criteria.","Good fit when Bloom emphasizes financial education, economic opportunity, education, or community development.",https://www.pnc.com/en/about-pnc/corporate-responsibility/philanthropy.html
6,Wells Fargo Foundation,National,$25k–$250k,Researching,grantadministration@wellsfargo.com,TBD,"Eligible nonprofit organizations and other qualifying entities; many corporate opportunities are relationship- or invitation-based.","Strong fit for financial empowerment, entrepreneurship, workforce readiness, and economic-opportunity programming.",https://www.wellsfargo.com/about/corporate-responsibility/community-giving/
7,State Farm Good Neighbor Citizenship Company Grants,National,$25k–$100k,Researching,TBD,TBD — invitation process,"501(c)(3) charitable nonprofits and other listed eligible entities; current opportunities are generally invitation-based.","Strong fit for financial literacy, education, leadership, mentoring, community development, and STEM.",https://www.statefarm.com/about-us/community-grants
8,Youth Service America – We Serve to Remember 9/11 Day of Service Grants,National,$250–$1000,Researching,sganske@ysa.org,TBD — 2026 deadline passed,"U.S.-based organizations, schools, and youth changemakers; individual cycle requirements include youth-led service and minimum participation requirements.","Very strong fit for Bloom's teen service, leadership, teamwork, volunteerism, civic responsibility, and community engagement.",https://ysa.org/grants/
9,The Allstate Foundation – Good Starts Young / community giving,National,Varies,Researching,TBD,TBD,"Eligibility and application access vary by current program; confirm the current application pathway and nonprofit requirements.","Strong fit for youth empowerment, social-emotional skills, confidence, leadership, service, and community impact.",https://www.nassp.org/programs/student-programs/national-student-council/
10,National Environmental Education Foundation (NEEF) – Grant Programs,National,$5k–$50k,Researching,grants@neefusa.org,TBD,"Eligibility varies by individual NEEF grant; opportunities may require eligible nonprofit status and/or partnerships.","Strong fit for environmental education, youth-led conservation, outdoor learning, sustainability, and service-learning.",https://www.neefusa.org/grants
11,US Department of Health and Human Services (HHS) – Grants.gov opportunities,National,$100k+,Researching,TBD,TBD,"Eligibility is opportunity-specific; federal applicants must meet the applicable NOFO, registration, and compliance requirements.","Potential fit when a NOFO supports youth development, workforce readiness, social-emotional supports, education, or community opportunity.",https://www.grants.gov
12,American Legion Child Welfare Foundation,National,$5k–$50k,Researching,TBD,TBD,"Grant eligibility and priorities are set by the Foundation's current cycle and generally focus on organizations serving children and youth.","Good fit for youth development, mentoring, character development, leadership, and life-skills programming.",https://cwf-inc.org
13,Youth as Resources,Select markets,$500–$10k,Researching,jreeder@youthasresources.org,TBD,"Eligibility varies by local Youth as Resources program/site; generally supports youth-led community service and civic engagement projects.","Very strong fit for Bloom's teen service, civic responsibility, volunteerism, leadership, teamwork, and community engagement.",https://www.youthasresources.org
14,Project Learning Tree / Environmental Education Grants,National,Varies,Researching,TBD,TBD,"Eligibility varies by current PLT grant; opportunities generally support environmental education, youth engagement, outdoor learning, and educator capacity.","Strong fit for environmental education and stewardship, especially youth-led conservation and sustainability projects.",https://www.plt.org
15,Jim Moran Foundation,Florida,$25k+,Researching,TBD,TBD,"Florida nonprofits must meet the Foundation's current program-area and geographic requirements; funding priorities vary by initiative.","Strong Florida prospect for youth development, education, confidence, life skills, and measurable community impact.",https://jimmoranfoundation.org/grant/guidelines
16,Children's Services Council of Broward County,Broward County FL,$50k+,Researching,info@cscbroward.org,TBD,"Eligibility is program- and procurement-specific and may require qualifying Broward County service delivery, reporting capacity, and compliance with CSC rules.","Extremely strong geographic and mission fit for Bloom's Broward youth development, mentoring, SEL, family engagement, and educational enrichment.",https://www.cscbroward.org/provider/
17,Helios Education Foundation,Florida & Arizona,$50k+,Researching,TBD,TBD,"Programs and eligibility are initiative-specific and generally focus on education, postsecondary attainment, and economic mobility in service regions.","Good fit for college/career readiness, workforce preparation, academic enrichment, financial literacy, and leadership.",https://www.helios.org/grants
18,OYC Miami,Miami-Dade County FL,Partnership-based,Researching,TBD,TBD,"Eligibility and application requirements vary by current opportunity; confirm whether the opportunity is open to independent nonprofits and its geographic requirements.","Strong local thematic fit for youth empowerment, mentoring, leadership, service, and positive youth development.",https://www.oycmiami.org
19,Community Foundation of Broward,Broward County FL,$10k+,Researching,grants@cfbroward.org,TBD,"Eligibility varies by fund and grant cycle; eligible nonprofits generally must serve Broward County and meet the fund's charitable purpose and application requirements.","Excellent geographic fit. Bloom's youth leadership, financial empowerment, environmental stewardship, entrepreneurship, and community service can align with relevant Broward funds.",https://www.cfbroward.org/receive/apply-for-grants
20,Florida Humanities,Florida,$5k–$25k,Researching,grants@flahum.org,August 5 2026,"Eligibility varies by program; public humanities opportunities generally require eligible nonprofit status, humanities content, public benefit, and required application materials.","Good fit when Bloom incorporates civic engagement, cultural learning, ethics, history, communication, or community dialogue into youth programming.",https://floridahumanities.org/grants
21,Truist Foundation,National (Truist footprint),$5k+,Researching,truistfoundation@truist.com,TBD,"Current funding opportunities are program-specific and may be invitation-based or announced through targeted initiatives; applicants must meet applicable nonprofit, geographic, and program requirements.","Strong fit for financial empowerment, entrepreneurship, workforce readiness, and economic mobility. Bloom can frame youth financial literacy as an early economic-mobility intervention.",https://www.truist.com/purpose/truist-foundation/grant-application
22,Citizens Foundation / Citizens corporate giving,Citizens Bank footprint,$10k+,Researching,TBD,TBD,"Eligibility and access depend on the current Citizens giving program and geographic priorities; verify whether the specific opportunity is open in Bloom's service area.","Potentially strong for financial literacy, economic empowerment, education, and community development.",https://www.citizensbank.com/about-us/community/corporate-giving.aspx
23,TD Charitable Foundation,TD Bank footprint,$10k+,Researching,FloridaCharitableGiving@td.com,TBD,"Eligibility and priorities vary by current grant program; applications must satisfy the applicable nonprofit, geographic, and program requirements.","Strong fit for financial literacy, economic mobility, community development, and youth opportunity when the active program permits youth-serving nonprofits.",https://www.tdbank.com/corporate-responsibility/the-ready-commitment/
24,First Horizon Foundation,First Horizon footprint,$5k+,Researching,Foundation@FirstHorizon.com,TBD,"Eligibility and deadlines vary by current foundation program and service area; qualifying nonprofits must fit published charitable priorities.","Potential fit for education, community development, financial capability, and youth opportunity.",https://www.firsthorizonfoundation.com
25,NBCUniversal Local Impact Grants,Eligible local markets,$2500+,Researching,TBD,TBD,"Eligibility and geography depend on the current Local Impact Grants cycle and participating local markets; applicants must meet published nonprofit requirements.","Strong potential fit for youth empowerment, education, community engagement, entrepreneurship, and environmental initiatives with measurable local impact.",https://www.localimpactgrants.com/
